,Algorithm,ProofType,TotalCoinsMined,TotalCoinSupply,PC 1,PC 2,PC 3,CoinName,Class
42,Scrypt,PoW/PoS,41.99995383,42,-0.32640026755914475,0.9806627900713595,-0.5639137717657983,42 Coin,0
404,Scrypt,PoW/PoS,1055184902.04,532000000,-0.3097360895050833,0.9808985376249053,-0.5642072315850538,404Coin,0
1337,X13,PoW/PoS,29279424622.5027,314159265359,2.3163275497762243,1.654289976821381,-0.5484350013648994,EliteCoin,0
BTC,SHA-256,PoW,17927175.0,21000000,-0.15198666375259912,-1.273338133131503,0.1839749300980649,Bitcoin,1
ETH,Ethash,PoW,107684222.6865,0,-0.16579178308368986,-1.972143005807952,0.38613646934138907,Ethereum,1
LTC,Scrypt,PoW,63039243.3000049,84000000,-0.17002520600425183,-1.1441767793311919,-0.07103188992171959,Litecoin,1
DASH,X11,PoW/PoS,9031294.37563393,22000000,-0.38733684384428346,1.2771041241867485,-0.3721831360307715,Dash,0
XMR,CryptoNight-V7,PoW,17201143.1449131,0,-0.15902429655675607,-2.1987711468560036,0.32871172182966873,Monero,1
ETC,Ethash,PoW,113359703.0,210000000,-0.16423441192597382,-1.972238981135063,0.3861205554105589,Ethereum Classic,1
ZEC,Equihash,PoW,7383056.25,21000000,-0.14832774898303788,-1.9369325696592683,0.42279123020633586,ZCash,1
BTS,SHA-512,PoS,2741570000.0,3600570502,-0.18780899193688275,1.098333736238503,-0.06872724411973363,Bitshares,0
DGB,Multiple,PoW,11406219141.0,21000000000,0.14943372068738758,-1.7858588753187876,0.3327269762902831,DigiByte,1
BTCD,SHA-256,PoW/PoS,1288862.0,22000000,-0.3071924067473739,0.8514828816458592,-0.30892411996772634,BitcoinDark,0
XPY,SHA-256,PoS,11995334.8847328,12500000,-0.27258063373579383,0.690802677193542,-0.027930091558272856,PayCoin,0
PRC,Scrypt,PoW,5768310.0,21000000,-0.17117147128663782,-1.144173554222896,-0.07101360045211097,ProsperCoin,1
KOBO,X15,PoW/PoS,25542535.5881841,350000000,-0.2343913938848956,1.9202775525148246,-0.5565585741067073,KoboCoin,0
SPR,X11,PoW,11149733.9976203,20000000,-0.2323156219587324,-0.847723101859893,0.12071951475840796,Spreadcoin,1
ARG,Scrypt,PoW,12205795.4449549,64000000,-0.1707881151663366,-1.1441907790696748,-0.07101814209001095,Argentum,1
AUR,Scrypt,PoW/PoS,18135099.992959,16768584,-0.3260598357081987,0.9806632620160233,-0.5639193430715113,Aurora Coin,0
BLU,Scrypt,PoW/PoS,635423900.0,0,-0.31863528035436145,0.9809551545540737,-0.5640683192226613,BlueCoin,0
XMY,Multiple,PoW,1688254250.0,2000000000,-0.10395146447573651,-1.7814104556831916,0.33640551429623833,MyriadCoin,1
MOON,Scrypt,PoW,88.0,384000000000,2.5495524595594805,-1.3244391152197614,-0.09758636649276112,MoonCoin,1
ZET,SHA-256,PoW,170204389.754849,169795588,-0.14907147608094284,-1.273337922585492,0.18392759556489996,ZetaCoin,1
SXC,Scrypt,PoW,128940951.183046,250000000,-0.1680436348573657,-1.1442243877530411,-0.07105940692085604,SexCoin,1
QTL,Scrypt,PoW,7357794.7925,100000000,-0.1705922701310019,-1.1442099102519192,-0.07101945442641189,Quatloo,1
ENRG,Scrypt,PoW/PoS,123062801.128773,0,-0.32489642003200414,0.9807194124181009,-0.5639437030230684,EnergyCoin,0
QRK,Quark,PoW,259557164.91477,247000000,-0.23634198310153381,-0.43080638463746845,0.01269971518726585,QuarkCoin,1
RIC,Groestl,PoW,49548585.1412917,84000000,-0.20571668310393548,-1.1568566867705017,0.09012032282151708,Riecoin,1
DGC,Scrypt,PoW,33442988.3440364,48166000,-0.17064078945407213,-1.1441735742036754,-0.0710222115598286,Digitalcoin ,1
BTB,Scrypt,PoW/PoS,42579.476901,500000,-0.32639620514673495,0.9806625749328027,-0.5639138167125106,BitBar,0
CAT,Scrypt,PoW,7219956.64626131,21000000 ,-0.17115373191798772,-1.1441728863066902,-0.07101395352085219,Catcoin,1
CBX,Scrypt,PoW/PoS,1039116.65144562,1000000,-0.3263804843983325,0.9806627987187181,-0.5639140936934381,CryptoBullion,0
CCN,Scrypt,PoW,4703879.51824446,13140000,-0.17124017311452663,-1.1441703540191495,-0.07101279759211397,CannaCoin,1
CRYPT,X11,PoW,4996986.20575291,18000000,-0.23240498116136873,-0.8477249938760714,0.12072114964122088,CryptCoin,1
CSC,Scrypt,PoC,39999997299.8568,40000000000,0.7463338601996622,-0.19555479199208958,-0.5959633140574709,CasinoCoin,1
DMD,Groestl,PoW/PoS,3304487.74735637,4380000,-0.36185547017462055,0.9679885539999964,-0.4027659470442748,Diamond,0
XVG,Multiple,PoW,15929530669.1206,16555000000,0.17321302112339693,-1.7816909062036668,0.3319344454865203,Verge,1
DVC,SHA-256,PoW,18773857500.0,21000000000,0.22586677224579046,-1.2745571622863603,0.17796122150153942,DevCoin,1
EAC,Scrypt,PoW,12539015186.822,13500000000,0.0774962934630312,-1.1447347458064616,-0.07499477609778654,EarthCoin,1
EFL,Scrypt,PoW,20910478.8062499,21000000 ,-0.17098643141119202,-1.1441665871693367,-0.07101728332252098,E-Gulden,1
EMC2,Scrypt,PoW,218871896.499999,299792458,-0.16659184454349166,-1.1442063852672035,-0.07108472588259358,Einsteinium,1
EMD,Scrypt,PoW,19496786.31025,32000000,-0.17092576328765696,-1.144172401686082,-0.07101770076581673,Emerald,1
EXCL,PoS,PoS,5679705.0,0,-0.3677138853797213,1.6911882972559924,-0.050821633523825675,Exclusive Coin,0
FLT,Scrypt,PoS/PoW/PoT,461829905.32893,0,-0.2821426994479966,0.16194139266082788,-0.5330500795782808,FlutterCoin,0
FRK,Scrypt,PoW,1142732.14912776,11235813,-0.17129718360892504,-1.1441710985961246,-0.07101179966796999,Franko,1
FTC,NeoScrypt,PoW,208669093.00773,336000000,-0.18315263441233565,-1.653472733756438,0.14732835268209496,FeatherCoin,1
GDC,Scrypt,PoW,884125802.0,1420609614,-0.15052045420223265,-1.1444264749090234,-0.07132409737600086,GrandCoin,1
GLC,Scrypt,PoW,65672720.4708748,70000000,-0.17009222552073452,-1.1441689951991205,-0.07103156153176547,GlobalCoin,1
GLD,Scrypt,PoW,41658647.9999715,72245700,-0.17036976900849574,-1.1441810985656313,-0.07102587626051295,GoldCoin,1
HBN,Scrypt,PoW/PoS,89266933.684704,120000000,-0.3244591165174534,0.9806475273839819,-0.5639437880917726,HoboNickels,0
HYP,X11,PoS,1678520090.7713,0,-0.3325430413850745,1.117193009257497,-0.09159169070216264,HyperStake,0
IFC,Scrypt,PoW,90595753018.6314,90600000000,1.5776772726063821,-1.145015501548113,-0.09931558188844401,Infinite Coin,1
IOC,X11,PoW/PoS,17650913.9743456,22000000,-0.38723151062832645,1.2771080901543765,-0.37218523249016644,IOCoin,0
IXC,SHA-256,PoW,21089348.999,21000000,-0.15194802144908207,-1.2733366781856463,0.18397416099575617,IXcoin,1
KGC,Scrypt,PoW,151447649.8,265420800,-0.16765933063155658,-1.1442212716642168,-0.07106594822107111,KrugerCoin,1
LKY,Scrypt,PoW,19326319.14375,20000000,-0.17101287590105255,-1.144166846595694,-0.07101682881668318,LuckyCoin,1
LTB,Scrypt,PoW,1104344.22938102,1350000,-0.17136770150714728,-1.14416647526176,-0.0710111061603612,Litebar ,1
MAX,SHA3,PoW/PoS,61445805.0,100000000,-0.5086916148089686,2.638995115800173,-0.4889820773508965,MaxCoin,0
MEC,Scrypt,PoW,38151999.9930997,42000000,-0.17062693551057545,-1.1441685128509735,-0.07102293015067002,MegaCoin,1
MED,HybridScryptHash256,PoW,40431856.9,200000000,-0.165017689223936,-2.159480741375173,0.43269537308553613,MediterraneanCoin,1
MINT,Scrypt,PoS,21293925445.4969,0,-0.03163662852231052,0.8297707339518011,-0.28809689424574236,MintCoin,0
MINC,Scrypt,PoW,5804204.88794916,10000000,-0.17124897633102915,-1.1441683736437227,-0.07101284790159883,MinCoin,1
MZC,SHA-256,PoW/PoS,1613836099.99999,2419200000,-0.27050075060871576,0.8510994394229552,-0.3094822267260617,MazaCoin,0
NAUT,Scrypt,PoS,16180000.0,16180000,-0.29153964484921263,0.8199730482992742,-0.2829228518563819,Nautilus Coin,0
NAV,X13,PoW/PoS,66087096.2077108,0,-0.266730865336017,1.7883339583771187,-0.5195876184446562,NavCoin,0
NOBL,Scrypt,PoW,2366066305.76482,15000000000,-0.036190185775965694,-1.1501196052700904,-0.07262432779449714,NobleCoin,1
NMC,SHA-256,PoW,14736400.0,21000000,-0.15202565556520697,-1.2733396012369278,0.1839757061567029,Namecoin,1
NYAN,Scrypt,PoW,334709223.483138,337000000,-0.16491264791158974,-1.1441705548939618,-0.07111547481230221,NyanCoin,1
OPAL,X13,PoW/PoS,15156364.3306548,0,-0.26735324753261486,1.7883105246708013,-0.5195752310985775,OpalCoin,0
ORB,NeoScrypt,PoW/PoS,3220616.279225,3770000,-0.3430268673676051,0.471417845962643,-0.3455017131088371,Orbitcoin,0
POT,Scrypt,PoW/PoS,222677226.014206,420000000,-0.3207030831874943,0.9805680726096951,-0.5639969982785358,PotCoin,0
PXC,Scrypt,PoW/PoS,73959274.625,98000000,-0.324802066083954,0.9806508123140066,-0.5639385424092132,PhoenixCoin,0
RDD,Scrypt,PoW/PoS,29315567169.0888,0,0.031840943110246454,0.9941511568445413,-0.5710438887298974,Reddcoin,0
RPC,Scrypt,PoW,1104157.42169891,21000000,-0.1712284680235776,-1.1441757002431416,-0.07101246603935031,RonPaulCoin,1
SBC,Scrypt,PoW,24215181.725,250000000,-0.16932340155290515,-1.1442725730595327,-0.07103393557375719,StableCoin,1
SMC,Scrypt,PoW,25593737.1355044,51200000,-0.1707152103516548,-1.1441786100602382,-0.0710205124441375,SmartCoin,1
SUPER,X11,PoS,50707661.7493518,0,-0.35243518583078426,1.1164440375267675,-0.09119577501105698,SuperCoin,0
SYNC,X11,PoW/PoS,1177.0,1000,-0.38760307369907,1.2771102970029766,-0.372179417237844,SyncCoin,0
SYS,SHA-256,PoW,563336541.299966,888000000,-0.13917828901577456,-1.273494207282126,0.18378227314377388,SysCoin,1
TES,Multiple,PoS,80260463.7331396,100000000,-0.25752567472971155,0.18288121515816924,0.12502105101419492,TeslaCoin,0
TGC,SHA-256,PoW,43536800.0,47011968,-0.15148939445073464,-1.273338561490399,0.1839669011190468,TigerCoin,1
TIT,PHI1612,PoS,1622326490.46336,2300000000,-0.3021189305264554,1.7602633183228862,-0.16428623639400952,TittieCoin,0
TOR,X11,PoW/PoS,1431851.00002479,10000000,-0.38751473980912754,1.27710626113566,-0.3721804572099197,TorCoin,0
TRC,SHA-256,PoW,22935396.0,42000000,-0.15177666085868596,-1.273345687469018,0.18397225864681951,TerraCoin,1
UNB,SHA-256,PoW,2278150.0,80000000,-0.1517598359081905,-1.2733730315536358,0.18397465301213828,UnbreakableCoin,1
UNO,SHA-256,PoW,200911.79151896,250000,-0.15235031183566705,-1.2733365478492775,0.18398067752308309,Unobtanium,1
URO,X11,PoW,1207310.0,0,-0.232578835861952,-0.8477182872556654,0.12072331709659068,UroCoin,1
USDE,Scrypt,PoW/PoS,1098952592.6,1600000000,-0.30163361755673856,0.9804172919194298,-0.5642917901895822,UnitaryStatus Dollar,0
UTC,Scrypt,PoW/PoS,50235211.141939,100000000,-0.3250778065911259,0.9806389577297474,-0.5639329106695498,UltraCoin,0
VIA,Scrypt,PoW,23150892.1679687,23000000,-0.17094488159999224,-1.1441664952548387,-0.07101796664939146,ViaCoin,1
VRC,Scrypt,PoST,32021108.4136696,0,-0.29722516487605943,0.2714544386235713,-0.4047316008454883,VeriCoin,0
VTC,Lyra2REv2,PoW,51173723.8166347,84000000,-0.19514513386607804,-1.1857514434704095,0.21298896701084125,Vertcoin,1
WDC,Scrypt,PoW,119606941.0,265420800,-0.1680484295027846,-1.1442359218722824,-0.07105820394046154,WorldCoin,1
XC,X11,PoW/PoS,6950831.0970606,5500000,-0.38747918298804673,1.2771109130415186,-0.37218148810031004,X11 Coin,0
XCR,Multiple,PoS,100000000.0,0,-0.25799303320663414,0.18293724353623883,0.12502317070945015,Crypti,0
XJO,SHA-256,PoW,39195739.362088,45000000,-0.15155669933127702,-1.2733396143138638,0.18396809619252708,JouleCoin,1
XST,X13,PoW/PoS,33093725.4123502,0,-0.267134049932664,1.7883187778184824,-0.5195795938141966,StealthCoin,0
ZCC,Scrypt,PoW/PoS,147990237.978331,1000000000,-0.317506012880333,0.9802614214378365,-0.5640189732111162,ZCC Coin,0
BCN,CryptoNight,PoW,184066828814.0,184467440735,3.84863481612397,-2.3003914393722473,0.2711988407955093,ByteCoin,1
XDN,CryptoNight,PoW,6906587610.38292,10000000000,0.4474669855688146,-2.299998982298203,0.3263620915901297,DigitalNote ,1
BURST,Shabal256,PoC,1813033920.0,2158812800,0.22172385383066223,-0.7882867415927796,-0.8206433519907663,BurstCoin,1
SJCX,Counterparty,PoS,51173144.0,500000000,-0.3475957036242973,1.6652469398276364,-0.0356009841397448,StorjCoin,0
MONA,Scrypt,PoW,68194674.8711679,105120000,-0.1698125538773916,-1.1441843222709938,-0.07103460548232751,MonaCoin,1
NTRN,SHA-256,PoW/PoS,39121694.0,68000000,-0.30640413678923,0.8514786937108284,-0.3089365051875122,Neutron,0
FAIR,Groestl,PoW/PoS,53193831.0,0,-0.36127684968255896,0.9680135647898965,-0.40277777797616254,FairCoin,0
NLG,Scrypt,PoW,415032420.0,1680000000,-0.15441486931920806,-1.1447640826590766,-0.0712279564491575,Gulden,1
RBY,Scrypt,PoS,27184490.3918338,0,-0.29151981618332345,0.8199857074363716,-0.2829244085878827,RubyCoin,0
PTC,Scrypt,PoW,137517654.41397,166386000,-0.16853129730152508,-1.144181188075829,-0.07105570623879891,PesetaCoin,1
KORE,X13,PoW/PoS,2022464.886973,12000000,-0.2674287165395891,1.7882988481168416,-0.5195728671665935,Kore,0
WBB,Scrypt,PoW,181919.2435974,2628000,-0.1713699180580346,-1.1441674996484255,-0.07101097025562969,Wild Beast Coin,1
NOTE,Scrypt,PoS,174646113.934655,500000000,-0.28617491527098954,0.8198188257456174,-0.28299487780207305,Dnotes,0
FLO,Scrypt,PoW,152270664.860648,160000000,-0.16839626285998052,-1.1441714021040224,-0.07105885250017917,Flo,1
8BIT,Scrypt,PoW/PoS,1467841.0,0,-0.3263823311035919,0.9806634654391297,-0.5639141287602011,8BIT Coin,0
STV,X13,PoW/PoS,7096834.0,10000000,-0.2673808784661761,1.788302121802208,-0.5195739629373066,Sativa Coin,0
ABY,Scrypt,PoW,792537250.0,1000000000,-0.1546200331130622,-1.1442711561318124,-0.07127271197938655,ArtByte,1
FLDC,Stanford Folding,PoW,719416990.0,1000000000,-0.13603187046078757,-2.1251947189964833,0.2939235753498892,Folding Coin,1
U,X11,PoS,2689812.0,20000000,-0.35288025632012243,1.1164125548582298,-0.09118548028164945,Ucoin,0
UIS,Multiple,PoW,65113302.0,0,-0.13795810190614538,-1.7812183573673583,0.33693870849184515,Unitus,1
CYP,QuBit,PoW,6365285.0,0,-0.1955688823350427,-1.5256626794638202,0.16444827507905985,CypherPunkCoin,1
OMC,Scrypt,PoW,10140044.4430293,3371337,-0.17124296094661368,-1.14416326678907,-0.0710134437100377,OmniCron,1
VTR,Scrypt,PoW/PoS,11604722.0,20000000,-0.32611674090276527,0.9806587403063887,-0.5639179783941146,Vtorrent,0
GRE,Scrypt,PoW,4610340640.89,10000000000,-0.04419372029282015,-1.1467396920117874,-0.07282414228010273,GreenCoin,1
XCN,M7 POW,PoW,708506520.0,1840000000,-0.12082715467560218,-2.2066917292733637,0.2637973354006829,Cryptonite,1
MSC,Scrypt,PoW,619478.0,619478,-0.17137880298006647,-1.1441663554021522,-0.07101093767395779,MasterCoin,1
SOON,SHA-256,PoW,12462620.0,21000000,-0.15205344154311903,-1.2733406474243825,0.18397625918429006,SoonCoin,1
1CR,Scrypt,PoW,88213.0,92000000000,0.48050296209799104,-1.1873566591256468,-0.07737784177290327,1Credit,1
ISL,X11,PoW/PoS,1513704.0,0,-0.3875845974479435,1.2771109934002634,-0.3721797850446654,IslaCoin,0
NXS,SHA3,PoW/nPoS,63657220.0,78000000,-0.6607776465454823,3.7478537221024997,-0.2334758663816535,Nexus,0
MARS,X11,PoW,32221574.820996,33000000,-0.23196600521849728,-0.8477195094930056,0.12071348998071067,MarsCoin ,1
CTO,Lyra2RE,PoW,13742738.0,65789100,-0.16027486796200777,-2.1872220627384085,0.34805280736587924,Crypto,1
ACP,SHA-256,PoW,14747200.0002,53760000,-0.15179339311882106,-1.2733549757880662,0.18397343629715163,Anarchists Prime,1
DRZ,QUAIT,PoW/PoS,8568038.35935056,5060000,-0.40341068676550057,1.9782876913611218,-0.5587096013150237,Droidz,0
BSC,X11,PoW,15863837.5,21000000,-0.2322509290233755,-0.8477214023170869,0.12071829898925975,BowsCoin,1
SQL,X11,PoS/PoW,329200.01639,0,-0.38865316263319516,0.9081757212749552,-0.19167237853993818,Squall Coin,0
SONG,Scrypt,PoW,32565300.0,210240000,-0.16950309268492744,-1.1442500653493684,-0.0710332148009449,Song Coin,1
ZNY,Scrypt,PoW,75614500.0,250000000,-0.1686952931509121,-1.1442489237522284,-0.07104643688917552,BitZeny,1
DIGS,Scrypt,PoS,100000000.0,100000000,-0.2899214193208349,0.8199722645009864,-0.28294903947318645,Diggits,0
EXP,Ethash,PoW,10495278.0,16906397,-0.16685965332734262,-1.9721956602335047,0.3861589375389627,Expanse,1
CON,X13,PoW/PoS,23042604.0,50000000,-0.26690258686208274,1.7882906801871081,-0.5195806095531738,Paycon,0
SC,Blake2b,PoW,33098296530.0,0,0.3680522126566885,-2.1089258245071854,0.43458073914944356,Siacoin,1
EMC,SHA-256,PoW/PoS,43059794.804778,1000000000,-0.2997520565854848,0.8510429686428941,-0.3090019642603904,Emercoin,0
EGC,X15,PoW/PoS,13530556.4180753,26298000,-0.236831866588648,1.9204239909376475,-0.5565332500018321,EverGreenCoin,0
MND,X11,PoW,15867695.0,16000000,-0.23228631083226128,-0.847719053240579,0.12071864408778968,MindCoin,1
I0C,SHA-256,PoW,20997476.8650231,21000000,-0.1519491441421681,-1.2733367204568744,0.18397418334084886,I0coin,1
DCR,BLAKE256,PoW/PoS,10365046.9281661,21000000,-0.06389450022906334,0.8897834685716223,-0.4126598078141962,Decred,0
RVR,Scrypt,PoW,210000000.0,210000000,-0.1673365110945325,-1.1441683133130878,-0.07107635376649454,Revolution VR,1
HODL,1GB AES Pattern Search,PoW,11448949.0,81962100,-0.16543175229290025,-2.219101623024845,0.23272114961817705,HOdlcoin,1
EDRC,SHA-256,PoW/PoS,3669691.84494672,22000000,-0.3071633126021692,0.8514839770879492,-0.3089246990319211,EDRCoin,0
HTC,X11,PoW/PoS,10996318099.0,26550000000,-0.0650985048440313,1.2697056340979114,-0.37669139078101466,Hitcoin,0
GAME,Scrypt,PoW,69836100.0,84000000,-0.16994214726060095,-1.1441736520338222,-0.0710335430496639,Gamecredits,1
DBIC,SHA-256,PoW/PoS,5129014.0,10500000,-0.30722696601833727,0.8514900473294913,-0.30892425808297247,DubaiCoin,0
DIEM,SHA-256,PoW,21739971929.0,21626280000 ,0.2665508828415076,-1.2734864388961056,0.1771964615160245,CarpeDiemCoin,1
PWR,NIST5,PoW/PoS,10069449031.9252,0,-0.22063098349923266,1.5185144916877695,-0.5385879248109655,PWR Coin,0
BLRY,Scrypt,PoW/PoS,8998743.2411911,42000000,-0.32599269903390893,0.980647213143978,-0.5639188671310148,BillaryCoin,0
GPU,Scrypt,PoS,40477042.0,221052632,-0.28979104649495596,0.8198880480228002,-0.282942940062197,GPU Coin,0
ADZ,X11,PoW,45110324.0,84000000,-0.23144712724219957,-0.8477375217355912,0.12070682561100671,Adzcoin,1
SOIL,Dagger,PoW,5702048.0,30000000,-0.17061644543525986,-2.1026057605210844,0.42681885652938867,SoilCoin,1
YOC,Scrypt,PoW,636462.55983338,168351300,-0.1701900830195302,-1.1442450910234379,-0.07102255007981827,YoCoin,1
SIB,X11GOST,PoW,17263355.0,24000000,-0.176118697255645,-2.1942697781958636,0.25693764094040206,SibCoin,1
ERC,X11,PoW/PoS,10407269.7881868,384000000,-0.3847549733419259,1.2769348126474527,-0.37220852375544294,EuropeCoin,0
ZEIT,Scrypt,PoS,36971236046.8073, 99000000000,0.8614359447639505,0.7905074388644088,-0.29876144919858744,ZeitCoin,0
SWING,SHA-256,PoW/PoS,4377081.60953993,40000000,-0.3070271239655731,0.8514758522787094,-0.3089261168151884,SwingCoin,0
SAFEX,Scrypt,PoC,2147483647.0,2147483647,0.015554744117350566,-0.19520083301290447,-0.5841371730615179,SafeExchangeCoin,0
NEBU,PoS,PoS,20000000.0,20000000,-0.36739717314905856,1.6911854969511788,-0.05082650064551288,Nebuchadnezzar,0
FRN,Scrypt,PoW,6570807.65677618,20000000,-0.17116875041856697,-1.1441727155258874,-0.0710137264278233,Francs,1
BOLI,X11,PoW,13654082.4987998,25000000,-0.23224958944637147,-0.8477242968873494,0.12071855961532064,BolivarCoin,1
XRA,X11,PoW/PoS,134554941.15119,75000000,-0.38542737670356764,1.2771369973938598,-0.3722173338163057,Ratecoin,0
REV,SHA-256,PoW/PoS,1195525.0,222725000,-0.3057712522162377,0.8513886062764515,-0.3089379889116467,Revenu,0
CKC,SHA-256,PoW/PoS,16662820.0,525000000,-0.30344038218056885,0.8512538168032059,-0.3089626705107534,Clockcoin,0
VIP,NIST5,PoW/PoS,83450403.0,90000000,-0.34202386228449777,1.5138775888458937,-0.5361653640873473,VIP Tokens,0
BSD,X11,PoW/PoS,24387724.5010828,139000000,-0.3863201482714418,1.2770562629656546,-0.37219496827364534,BitSend,0
OMNI,Scrypt,PoW,616448.0,616448,-0.17137886147712394,-1.1441663553738186,-0.0710109367273047,Omni,1
LIR,POS 3.0,PoS,38589808.6658096,33500000,-0.34495755444214243,1.5997780174886516,-0.1383756267785849,Let it Ride,0
PUT,Scrypt,PoW/PoS,813092338.575672,2000000000,-0.3022925625728812,0.9800979808107504,-0.5642499463474313,PutinCoin,0
IBANK,Scrypt,PoW/PoS,4526324.0,44333333,-0.3260308192501002,0.9806440599347608,-0.5639179408353296,iBankCoin,0
FRWC,Scrypt,PoW/PoS,100000000.0,100000000,-0.32446967241631214,0.9806618549747715,-0.5639450144355749,Frankywillcoin,0
MUDRA,X13,PoS,5000000.0,200000000,-0.23151194900716368,1.6275223690933074,-0.23859062738051498,MudraCoin,0
PIZZA,X11,PoW,1377917.0,25000000,-0.2323996062744702,-0.8477299452659687,0.120721545417899,PizzaCoin,1
LC,X11,PoS,657000000.0,657000000,-0.34037082665681967,1.1164145628699524,-0.0913887063466116,Lutetium Coin,0
KMD,Equihash,dPoW/PoW,115898131.0,200000000,-0.21119688470035428,-1.093891986147241,0.7837911077861047,Komodo,1
GB,X11,PoW/PoS,15563873.0,50000000,-0.3870586125137477,1.2770939849981322,-0.37218666268694345,GoldBlocks,0
CTC,Scrypt,PoW/PoS,43165500.0,90000000,-0.3252350575587967,0.9806403994927689,-0.5639304991045896,CarterCoin,0
KRB,CryptoNight,PoW,7822432.72439746,10000000,0.29237586452129966,-2.2984832600422536,0.32873138708818045,Karbo,1
BXT,SHA-256,PoW/PoS,595429.0,21000000,-0.3072079664060856,0.8514830320511744,-0.30892388210396354,BitTokens,0
ZYD,SHA-256,PoW,6243840.0,9736000,-0.15220925042576613,-1.273338220742127,0.183978551264311,ZayedCoin,1
MST,X11,PoW/PoS,657636.34549789,3000000,-0.38757380137121156,1.2771091911345431,-0.37217978445438615,MustangCoin,0
ZNE,Scrypt,PoW/PoS,2581970.0,21000000,-0.32621991467552,0.9806541193934365,-0.563915853092423,ZoneCoin,0
COVAL,Multiple,PoW,1000000000.0,1200000000,-0.11803068005475993,-1.7813515596421328,0.33662827701630427,Circuits of Value,1
ROOT,Scrypt,PoW/PoS,1939889.0,0,-0.3263765625968315,0.9806636826328317,-0.5639142435714696,RootCoin,0
DOPE,Scrypt,PoW,116845228.0,200000000,-0.16854573613162058,-1.1442064800921017,-0.0710530046378717,DopeCoin,1
BTCR,Scrypt,PoS,169598616.0,0,-0.28977949137243025,0.8200512335081938,-0.28295904647733366,BitCurrency,0
DLC,SHA-256,PoW,9106714.0,10638298,-0.15216787212526875,-1.2733373271001245,0.18397779251193475,DollarCoin,1
SCN,Scrypt,PoW/PoW,665200057.0,3100000000,-0.2568972871493926,0.24740486601734796,-0.4636274327060284,Swiscoin,0
SH,Scrypt,PoW,11119200.0,30000000,-0.17104231039498494,-1.144175317371281,-0.07101552475893823,Shilling,1
BUZZ,SHA-256D,PoW/PoS,19577787259.0,20000000000,0.05423904880582875,1.8319542970004192,-0.7098087595367841,BuzzCoin,0
XPO,PoS,PoS,74033806.7949683,74000000,-0.36635423820929097,1.6911850075536332,-0.050843379916748956,Opair,0
PSB,Scrypt,PoW/PoS,33522957.0,0,-0.32599061213995234,0.9806782142979548,-0.563921925188818,PesoBit,0
HALLO,X11,PoW/PoS,264678458.288619,1500000000,-0.37373999498186267,1.2765278874754329,-0.37234760286388974,Halloween Coin,0
XZC,Lyra2Z,PoW,7568281.24956067,21400000,-0.1576711947209326,-2.19816028186698,0.3308846319303354,ZCoin,1
CFC,PoS,PoS,148716816.0,39999898,-0.365682516718717,1.6912353316040198,-0.05085919122239323,CoffeeCoin,0
ROYAL,X13,PoS,2500124.0,2500124,-0.23294194049152223,1.6276139372333798,-0.23857635091896445,RoyalCoin,0
GNJ,X14,PoW/PoS,100000000.0,100000000,-0.38758130885452774,1.7515005666709382,-0.7822839494064011,GanjaCoin V2,0
TEAM,PoS,PoS,17818682.1654,301000000,-0.365432722335257,1.6910525749544845,-0.05084541737183107,TeamUP,0
LANA,SHA-256D,PoW/PoS,1082162635.53683,7506000000,-0.2603104822137997,1.8293097243679308,-0.7044455867207972,LanaCoin,0
ELE,Ethash,PoW,26205539.0,26205539,-0.16660177950474314,-1.972192797373657,0.38615447292849153,Elementrem,1
ZCL,Equihash,PoW,5613550.0,21000000,-0.14834937265004952,-1.936933383825651,0.42279166058472495,ZClassic,1
ARK,DPoS,DPoS,108202084.0,125000000,3.720310876257044,1.796129932492682,-0.2948654522195873,ARK,0
INSANE,X11,PoW/PoS,18342813.0,30000000,-0.38716636918757424,1.2771046528209749,-0.3721859544322859,InsaneCoin,0
KLC,Scrypt,PoW,196297971.0,10000000000,-0.09813407165856948,-1.1487706343482877,-0.07175056112108152,KiloCoin,1
ATX,X11,PoW,824000000.0,500000000,-0.21898127457970504,-0.8475744428033815,0.12048859421217778,ArtexCoin,1
EMB,X13,PoW/PoS,92192822723.0,850000000,0.8650964174197817,1.8303232902301176,-0.5420534613449709,EmberCoin,0
XEN,X11,PoW/PoS,3853326.77707314,3853326.77707314,-0.38752870299715914,1.277110260898546,-0.37218062076503317,XenixCoin,0
FRE,PoS,PoS,50000000.0,50000000,-0.3668179943629535,1.6911852164220857,-0.0508358734503821,FreeCoin,0
PLNC,Scrypt,PoW/PoS,17089600.0,38540000 ,-0.32591834422183924,0.980652560155614,-0.5639205955275511,PLNCoin,0
ARCO,Scrypt,PoW/PoS,2449577.41533168,42000000,-0.3260727309529951,0.9806441998114975,-0.5639172742463141,AquariusCoin,0
KURT,X11,PoW,61364813.0,228000000,-0.23022814091709912,-0.847797645180221,0.12069290634428156,Kurrent,1
XCRE,PoS,PoS,20000000.0,20000000,-0.36739717314905856,1.6911854969511788,-0.05082650064551288,Creatio,0
ENT,X11,PoW/PoS,6069482.07721352,60000000,-0.38710377768752546,1.277084921936754,-0.3721850455396267,Eternity,0
EUC,SHA-256,PoW/PoS,12416554.0,20000000,-0.3070705960398311,0.8514889405217293,-0.3089266880244789,Eurocoin,0
BCF,Scrypt,PoW/PoS,20244023.640728,33000000,-0.3259190519036132,0.9806566123456614,-0.5639209793361079,BitcoinFast,0
XSN,X11,TPoS,75590369.0,76500000,-0.39274501000901463,0.8763995706222457,0.0361693160468973,Stakenet,0
BCCOIN,Scrypt,PoW/PoS,11080722.3769581,28000000,-0.3260664579500799,0.9806547435266413,-0.5639184046059982,BitConnect Coin,0
MONEY,Scrypt,PoW/PoS,10914418.0,650659833,-0.3216564536250059,0.9803623529194965,-0.5639614567944287,MoneyCoin,0
XNG,X11,PoW/PoS,814671.0,5000000,-0.387557710801777,1.2771083244670027,-0.37217996106297235,Enigma,0
XCI,CryptoNight,PoW,978145.0,21000000,0.2923701698484932,-2.2984915732266806,0.3287322904714273,Cannabis Industry Coin,1
RC,Scrypt,PoW/PoS,8377873.0,144000000,-0.3252775356306416,0.9805990425223936,-0.5639257752729623,Russiacoin,0
PND,Scrypt,PoS,33813143821.8337,32514916898,0.3517442082781146,0.8202664799481061,-0.293392083247141,PandaCoin,0
UNITS,Scrypt,PoW/PoS,3472983.0,13000000,-0.326265712662384,0.9806582850394729,-0.5639155161453421,GameUnits,0
GAKH,Scrypt,PoW/PoS,3315789.0,3315789,-0.3263362538817293,0.9806627590659074,-0.5639148076941204,GAKHcoin,0
ASAFE2,Quark,PoS,10517772.7391666,15000000,-0.36149044265868546,1.5333274940111352,-0.1991307101342029,Allsafe,0
LTCR,QuBit,PoW/PoS,30227750.0,78835200,-0.34972817508798254,0.5991404295620117,-0.32846601233278155,LiteCreed,0
OS76,Scrypt,PoW,894026.0,2714286,-0.1713606045880407,-1.1441672125092972,-0.07101114942548939,OsmiumCoin,1
BIC,CryptoNight,PoW,9357088.0,25000000,0.2925009051140769,-2.2984895958379092,0.32872997571987606,Bikercoins,1
HXX,Lyra2RE,PoW,1876146.443596,9999999,-0.16081518956073648,-2.187201331898614,0.34805955456792664,HexxCoin,1
KED,Scrypt,PoW/PoS,23965372.0,500000000,-0.3225645126333564,0.9804390866000541,-0.5639542042728932,Klingon Empire Darsek,0
IOP,SHA-256,PoW/PoS,2526078.47525448,21000000,-0.30718437354148326,0.8514839203610637,-0.3089243516755232,Internet of People,0
KUSH,X11,PoW/PoS,5659096.95728771,9354000,-0.38746765956543283,1.2771085094024524,-0.37218144065053155,KushCoin,0
PRX,Scrypt,PoW/PoS,11821728.0,20000000,-0.3261140890525762,0.9806588401528796,-0.5639180311742011,Printerium,0
PAC,X11,PoW,536982074.0,100000000000,0.48254738660478713,-0.8944178049948432,0.1136722712534597,PacCoin,1
IMPCH,Scrypt,PoW/PoS,308179.0,21933333,-0.32624108738655344,0.980652635038105,-0.5639153646556638,Impeach,0
CTL,CryptoNight-V7,PoW,10969318.522954,185000000,-0.15778957942934166,-2.1988608643373615,0.3287004341710869,Citadel,1
ZBC,Scrypt,PoS,2922613.96424908,55000000,-0.2914265820052247,0.8199487240020016,-0.2829223140311768,Zilbercoin,0
FRST,Scrypt,PoW/PoS ,110000000.0,110000000,-0.2904838079434112,0.17104603852157388,-0.44798537213346995,FirstCoin,0
BVC,Scrypt,PoW,3115258.0,3360000,-0.17132888536204613,-1.1441664936367748,-0.0710117343605343,BeaverCoin,1
FIND,X13,PoS,14524851.4827,14524851.4827,-0.23270979158929964,1.6276138247905159,-0.23858010776644095,FindCoin,0
VLTC,X11,PoW,30385540.0,1000000000,-0.22513648329577857,-0.8481743224062249,0.12064701303284737,VaultCoin,1
ZER,Equihash,PoW,6921653.89980891,17000000,-0.14836173055670168,-1.9369309041134986,0.4227916192577752,Zero,1
CHAT,Scrypt,PoW/PoS,1000000000.0,1000000000,-0.3070943088331578,0.9806534391019621,-0.564226198581647,OpenChat,0
CDN,Scrypt,PoW,99843408.3158479,100000000 ,-0.1694620802205698,-1.1441673567557096,-0.07104194872915971,Canada eCoin,1
ZOI,Lyra2RE,PoW,18545757.5,21000000,-0.1605335403883772,-2.187198826118651,0.34805473891289085,Zoin,1
RNS,Scrypt,PoS,36050365.0,34426423,-0.2911675352979372,0.8199736248684343,-0.2829289475027875,RenosCoin,0
DBIX,Dagger-Hashimoto,PoW,2232901.0,2232901,-0.17332538080274498,-2.0641934437252965,0.47381204359406215,DubaiCoin,1
XVP,X11,PoW/PoS,13162749.0858027,100000000,-0.38673366517401503,1.2770694072021902,-0.37218953905432783,VirtacoinPlus,0
TAJ,Blake2S,PoW/PoS,12184195.9258495,36900000,-0.39101090747364037,1.8849147194123639,-0.4988995503608786,TajCoin,0
IMX,X11,PoW/PoS,110630387.850471,110000000,-0.38547173617231273,1.2771095583715608,-0.3722139371561584,Impact,0
EB3,Scrypt,PoW,64096052.0,4000000000,-0.1422643393990676,-1.1460146997249954,-0.07130316294015623,EB3coin,1
ATMOS,PoS,PoS,111135836.889,110290030,-0.36564370157941367,1.6911850418155006,-0.050854915389984504,Atmos,0
HPC,X11,PoW/PoS,21521322.0099142,100000000,-0.3866315219927726,1.2770732530598075,-0.37219157202208075,HappyCoin,0
CXT,NIST5,PoW,10123200.0,48252000,-0.18820624493643676,-0.610965690337802,-0.043241612594519176,Coinonat,1
MCRN,PoS,PoS,401421401.0,400000000,-0.36004353876334605,1.69118259758256,-0.050945568552932516,MacronCoin,0
RAIN,X11,PoW/PoS,121665451.643876,500000000,-0.38257342785900456,1.2769315461800579,-0.37224361196506406,Condensate,0
IMS,Scrypt,PoW/PoS,5368934.0,21212121,-0.3261843544571548,0.9806553021192576,-0.5639165456166874,Independent Money System,0
ARGUS,Scrypt,PoW/PoS,1148324.0,28600000,-0.32618358207196374,0.9806498918610096,-0.563916030377648,ArgusCoin,0
LMC,Scrypt,PoW/PoS,500000.0,1000000000,-0.3193083686468137,0.9801935597992134,-0.5639831007122582,LomoCoin,0
PROC,SHA-256,PoS,100545745.0,75000000000,0.25984711781738395,0.6556397637787547,-0.03314131488910015,ProCurrency,0
XGR,X11,PoW/PoS,17171382.0,40000000,-0.3871098263770365,1.2770994192313379,-0.3721863615909466,GoldReserve,0
BENJI,Scrypt,PoW,20276099.146524,35520400,-0.17089129513855114,-1.1441736958050892,-0.07101813394743325,BenjiRolls,1
GRW,Scrypt,PoS,295135466.361878,2000000000,-0.27407383045600686,0.8191700735333157,-0.2831279941843721,GrowthCoin,0
ILC,SHA-256,PoW,1317747500.0,2500000000,-0.11853696603025912,-1.2739038657881534,0.18348722345540652,ILCoin,1
PHR,PoS,PoS,11390225.9742772,30000000,-0.36743152815405916,1.6911768409103125,-0.050825098654257696,Phreak,0
DEA,Scrypt,PoW/PoS,21358764.0,105000000,-0.3253952527330773,0.980623324104572,-0.563926233391866,Degas Coin,0
HTML5,X15,PoW/PoS,40659020000.0,90000000000,0.8973976453689342,1.8968862773861328,-0.572645866244024,HTML5 Coin,0
USC,SHA-256,PoS,10343113.0,200084200,-0.2712716419872792,0.6907138536508797,-0.027942671911080737,Ultimate Secure Cash,0
EQT,Scrypt,PoW,13673406.4325268,72000000,-0.17071349439361766,-1.1441938594907437,-0.07101905270038965,EquiTrader,1
QTUM,POS 3.0,PoS,100000000.0,100000000,-0.34373590645959035,1.5997750537805662,-0.13839516522209852,QTUM,0
QRL,CryptoNight-V7,PoW,69036016.8340164,105000000,-0.1576468576815879,-2.1987965904799363,0.3286918478069561,Quantum Resistant Ledger,1
ESP,536,PoW/PoS,22801882871.0,50000000000,0.5986114877014036,1.8794024658409145,-0.6297969048782898,Espers,0
DYN,Argon2d,PoW,19784224.6512734,0,-0.1628702930835514,-2.02590289020399,0.44944585473404075,Dynamic,1
NANO,Blake2b,PoW,133248297.0,340282367,-0.03237510819613,-2.1242531007385934,0.4425749309692989,Nano,1
CHAN,Cloverhash,PoW,18407259.0885883,30000000,-0.15850575086780794,-2.1527244643620294,0.3483913455810761,ChanCoin,1
DCY,CryptoNight,PoW,1809467143.0,2000000000,0.3284929903578743,-2.2985885325034547,0.3281554693739894,Dinastycoin,1
DNR,NIST5,PoW/PoS,4171382.0,10000000,-0.34355952856157157,1.5138786686526613,-0.5361405452971664,Denarius,0
DP,X11,PoW,35138975.0,100000000,-0.23145560618688613,-0.8477496210118075,0.12070814351971934,DigitalPrice,1
VUC,NIST5,PoW/PoS,62942075.0,120000000,-0.342061903847847,1.5138540689624593,-0.5361624522829888,Virta Unique Coin,0
BTPL,Skein,PoW/PoS,6804362.0,100000000,-0.3863870134876518,1.8631545949994202,-0.6976411159548163,Bitcoin Planet,0
UNIFY,Scrypt,PoW,18133195.0,19276800,-0.17103258052386566,-1.1441670560495685,-0.07101648857489484,Unify,1
BRIT,X13,PoW/PoS,21268092.0,30000000,-0.2670659874929745,1.7882992529240755,-0.5195787938102928,BritCoin,0
SOCC,Scrypt,PoW,5167775.0, 75000000,-0.1707961772859032,-1.1441991813923387,-0.07101719158719257,SocialCoin,1
ARC,X11,PoW,26042364.3735553,60000000,-0.23185019989977199,-0.847735028034389,0.1207131242866113,ArcticCoin,1
DAS,X11,PoW,2622886.0,18900000,-0.23242761585856497,-0.8477265087360862,0.12072166478202144,DAS,1
LINDA,Scrypt,PoW/PoS,9044930943.24243,50000000000,0.1384198063892165,0.9613514310752377,-0.569574042637496,Linda,0
XLC,CryptoNight,PoW,14161803.0,54000000,0.2927651074472,-2.298500999493067,0.3287268001064513,LeviarCoin,1
ONION,X13,PoW/PoS,21917018.0492836,18898187.6216583,-0.26713672261351673,1.788304763361495,-0.5195781833147353,DeepOnion,0
BTX,Time Travel,PoW,17801865.1605478,21000000,-0.1639224025435507,-2.1763719969203836,0.3857175892590489,Bitcore,1
GCN,Scrypt,PoW,163055097500.0,200000000000,3.2383281593329425,-1.163035238916571,-0.12451038998379575,gCn Coin,1
SMART,Keccak,PoW,2241009149.22257,5000000000,-0.12237608843051206,-1.1818401962283342,0.1273579372381443,SmartCash,1
SIGT,SkunkHash v2 Raptor,PoS,107972766.0,137500000,-0.34694734801329885,1.6491479812615448,-0.042163671321242116,Signatum,0
ONX,X11,PoW,122475638.389743,1100000000,-0.22330254768365332,-0.8481788969229509,0.12061769419209989,Onix,1
CRM,Skein,PoW/PoS,47331802.4774238,100000000,-0.3858917612794621,1.8631732420540164,-0.6976509730177796,Cream,0
BCH,SHA-256,PoW,17995589.6469082,21000000,-0.1519858277139899,-1.2733381016532737,0.18397491345829453,Bitcoin Cash,1
XMCC,X11,PoW/PoS,12569262.5359307,9507271,-0.3873821301219707,1.2771116168796428,-0.37218313194488417,Monoeci,0
DFT,Scrypt,PoS,18663297.3489799,17405891.19707116,-0.2915006121265575,0.8199736153803395,-0.2829235406833508,Draftcoin,0
VET,VeChainThor Authority,Proof of Authority,55454734800.0,86712634466,4.457727315586492,1.5454611908092901,7.35480083883923,Vechain,3
SOJ,Scrypt,PoW,485214.0,10500000000,-0.09698404199830746,-1.1490954597936944,-0.07173753931923764,Sojourn Coin,1
STCN,PoS,PoS,4000000.0,61599965,-0.36729792726648836,1.6911586056682795,-0.05082548815717839,Stakecoin,0
NYC,Scrypt,PoW,143006669741.687,0,1.5761750382798922,-1.0783676426867441,-0.10579275185887328,NewYorkCoin,1
FRAZ,Scrypt,PoW,9704042.0,20000000,-0.17113046176256064,-1.144171273895447,-0.07101448849144816,FrazCoin,1
KRONE,Scrypt,PoW,17453749.4042601,84000000,-0.1705822684845692,-1.1441977536434946,-0.07102080264163636,Kronecoin,1
ACC,Scrypt,PoW,32646731.063036,100000000,-0.17028323503322085,-1.144198274575702,-0.07102560518831921,AdCoin,1
LINX,Scrypt,PoW,33716526.0,100000000,-0.17027016195733444,-1.144197782353041,-0.07102586538328644,Linx,1
XCXT,Scrypt,PoW/PoS,19539588.0,48252000,-0.32581958776326314,0.9806491280193206,-0.5639218635541379,CoinonatX,0
ETHD,Scrypt,PoW/PoS,4200000.0,4200000,-0.32631918333994114,0.9806627507976772,-0.5639150839453595,Ethereum Dark,0
SUMO,CryptoNight,PoW,8946653.0,88888888,0.2929485927492331,-2.298519777981159,0.3287256539650403,Sumokoin,1
ODN,SHA-512,PoS,25000000.0,91388946,-0.24587126118651917,1.098731238482935,-0.06782366022371511,Obsidian,0
ADA,Ouroboros,PoS,25927070538.0,45000000000,0.6421767597445878,1.6727815566877546,0.010614785552192222,Cardano,0
REC,X11,PoW/PoS,7262402.04264803,27000000,-0.3873230310609342,1.277100963001191,-0.37218305183845474,Regalcoin,0
BTCZ,Equihash,PoW,5211553258.01514,21000000000,0.06392087588427608,-1.9443868904564479,0.42007357364825365,BitcoinZ,1
TZC,NeoScrypt,PoW/PoS,182638400.0,400000000,-0.3380267491393491,0.4713143834983695,-0.3455727730369674,TrezarCoin,0
ELM,X11,PoW,2702855668.85288,1800000000,-0.18680981256166238,-0.8473202621542673,0.11994165036024854,Elements,1
TER,Scrypt,PoW/PoS,1140734.91680375,15733333,-0.3262748453075571,0.9806559287589018,-0.563915138063911,TerraNovaCoin,0
VIVO,NeoScrypt,PoW,4165967.57499639,27000000,-0.18784120634813345,-1.653421764316963,0.14739947689684368,VIVO Coin,1
RUP,Lyra2REv2,PoS,24000000.0,24000000,-0.31636360144343917,0.7784037704720173,0.0010926759729057635,Rupee,0
BTG,Equihash,PoW,17202361.088994,21000000,-0.14820775540961917,-1.9369280517052276,0.42278884196012806,Bitcoin Gold,1
WOMEN,Scrypt,PoW/PoS,48459472454.0,25000000000,0.4429274591704888,0.9912229386234418,-0.5774302431478029,WomenCoin,0
MAY,SHA-256,PoW/PoS,92050800.0,100000000,-0.30553058885290524,0.8514880241573084,-0.3089515932122989,Theresa May Coin,0
NAMO,NIST5,PoW/PoS,560563220.0,1200000000,-0.3283282361015171,1.5135760119543347,-0.536358227376507,NamoCoin,0
LUX,PHI1612,PoW/PoS,8305775.31777569,60000000,-0.3722629597705215,1.9212618738955145,-0.44473462561511334,LUXCoin,0
PIRL,Dagger,PoW,33986980.0,156306732.71,-0.16937581582277395,-2.102652042359265,0.42680323572872236,Pirl,1
XIOS,Scrypt,PoW/PoS,2149688.0,21000000,-0.32622519723500404,0.9806539204964433,-0.56391574795302,Xios,0
BTDX,Quark,PoW/PoS,30711550.5294042,200000000,-0.39448105327559807,1.6939395256705079,-0.48014439997642683,Bitcloud 2.0,0
EBST,Scrypt,PoW,99990001.493466,100000000,-0.16946028882703323,-1.144167289306817,-0.0710419843834761,eBoost,1
KEK,POS 2.0,PoS,12330806.30517,21000000,-0.3502183517074816,1.478296683473162,-0.15893574049710912,KekCoin,0
BLHC,Scrypt,PoW/PoS,16362544.992,14788275.991,-0.3260955286774358,0.9806633761229264,-0.5639187748997381,BlackholeCoin,0
XIN,SHA-256,PoS,8999999990.0,9000000000,-0.09906215542721233,0.6907188675491112,-0.03073815042558997,Infinity Economics,0
PURA,X11,PoW,175215859.0,350000000,-0.2279723954559806,-0.8478025354085238,0.12065677225549462,Pura,1
INN,NeoScrypt,PoW,6375259.04,45000000,-0.18768666421758737,-1.6534291980871767,0.14739769382182707,Innova,1
ELLA,Ethash,PoW,12756367.0,280000000,-0.16496779650958415,-1.9723181318942504,0.38614017958704977,Ellaism,1
GBX,NeoScrypt,PoW,5832306.875,31800000,-0.18778683160851511,-1.6534232510282287,0.14739873941538809,GoByte,1
MAG,X11,PoW/PoS,38198594.8342105,144000000,-0.3861159481413321,1.2770602701746931,-0.3721986733830831,Magnet,0
TAU,DPoS,DPoS,288090567.493887,500000000,3.7251663152024803,1.7960366532445249,-0.2949351573590346,Lamden Tau,0
ECA,NIST5,PoW/PoS,28399150208.0,30000000000,0.21593476821005034,1.5128643489012603,-0.5451222856788204,Electra,0
BCD,X13,PoW/PoS,183534024.889807,210000000,-0.26380762808942343,1.788289410139291,-0.5196307173689417,Bitcoin Diamond,0
XSH,Multiple,PoW,481730566.566176,660000000,-0.1281903469892208,-1.781336511681428,0.3367917022068664,SHIELD,1
CNBC,Scrypt,PoW/PoS,110976977.29338,210000000,-0.32355609502860827,0.9806152649487465,-0.5639552970587569,Cash & Back Coin,0
XUN,CryptoNight,PoW,19281821413.4924,85000000000,1.1301286680452318,-2.329514545966216,0.318161642432369,UltraNote,1
COAL,CryptoNight,PoW,4500000.0,12500000,0.2923529783030264,-2.2984859623754574,0.3287320221501629,BitCoal,1
DAXX,Ethash,PoW,520891780.0,10000000000,-0.08988442014760399,-1.976647488416425,0.3853438957161186,DaxxCoin,1
BWK,NIST5,PoS,13247178.8807286,27716121,-0.3087748349796347,1.3531849370219857,-0.2551480038311517,Bulwark,0
KLKS,Quark,PoS,16955764.902064,20000000,-0.36137634035245775,1.5333281088899364,-0.19913262201605242,Kalkulus,0
AC3,X11,PoW,80316207.0,550000000,-0.2277149273990927,-0.8479400916918687,0.12066601222945539,AC3,1
LTHN,CryptoNight-V7,PoW,441250233.377,999481516,-0.14676022885909304,-2.1990452548211272,0.3285394133638801,Lethean,1
GER,Scrypt,PoW/PoS,4911500269.41,50000000000,0.08790858129087716,0.9594496009439297,-0.5685687117819925,GermanCoin,0
LTCU,Scrypt,PoW/PoS,8419402.321,150000000,-0.3252345133974538,0.9805962448684598,-0.5639262006178011,LiteCoin Ultra,0
POP,Scrypt,PoW,3964201248.87125,4999999999,-0.0875186016397203,-1.1446896851557096,-0.0723209518444572,PopularCoin,1
PNX,X11,PoW/PoS,45174214.1078625,50000000,-0.3866967691146539,1.2771076089931532,-0.37219386449868447,PhantomX,0
PHO,BLAKE256,PoW,30089671530.5228, 90000000000,1.0962615070639559,-1.2634474715140689,0.06670013841924292,Photon,1
SUCR,X11,PoW,4229040.50393462,19800000,-0.23240161116696906,-0.847726192243664,0.12072121184734466,Sucre,1
SPK,NeoScrypt,PoW,7847417.33355824,21000000,-0.18783873314444002,-1.653417253685517,0.14739899674064993,SparksPay,1
WAGE,Quark,PoS,27299680.0,120000000,-0.360541356988721,1.5332859221893436,-0.19914205859267867,Digiwage,0
GUN,NeoScrypt,PoW,299797953.0,500000000,-0.1808769547598938,-1.6535077960088866,0.14729483836286023,GunCoin,1
IRL,Scrypt,PoW,45483049.3398182,64000000,-0.17038146146998237,-1.1441754678937681,-0.07102623576637004,IrishCoin,1
TROLL,Scrypt,PoW/PoS,591022748.0,900000000,-0.3128006593010858,0.980512210874063,-0.5641198066124564,Trollcoin,0
LCP,Scrypt,PoW/PoS,2504486.227718,4000000,-0.3263413199642317,0.9806620645679902,-0.563914657721913,Litecoin Plus,0
MONK,X11,PoS,4407252.0,21000000,-0.3528521831218936,1.1164128756081177,-0.09118596720386102,Monkey Project,0
PCOIN,X11,PoW,8478104.33969947,23000000,-0.2323270123581437,-0.8477257394826796,0.12071995692873223,Pioneer Coin,1
UBTC,SHA-256,PoW,20166000.0,20166000,-0.1519652144792837,-1.2733367114972476,0.18397444329114854,UnitedBitcoin,1
ITZ,C11,PoW,11916588.09471,23000000,-0.19543752900730055,-1.2370623852902647,0.09199360009831699,Interzone,1
TPAY,POS 3.0,PoS,20445861.5344251,25000000,-0.3452395057706441,1.5997736597015773,-0.13837062555474047,TokenPay,0
MCT,Ethash,PoS,1618033.0,1618033,-0.28753771757794105,-0.008053018249233705,0.17425510206714453,1717 Masonic Commemorative Token,0
MBC,Scrypt,PoW and PoS,9399342.52839847,30000000,-0.3036940693696375,0.169684157130829,-0.45379286815202446,My Big Coin,0
TRTL,CryptoNight,PoW,53139835213.77,1000000000000,8.027376868096912,-2.743492356395142,0.24660198884701892,TurtleCoin,1
MUN,SkunkHash,PoW,4818338.98949984,16600000,-0.16742063264776955,-2.1486968410839764,0.30027701495676573,MUNcoin,1
USX,Scrypt,PoW/PoS,234846265.782157,232000000,-0.3218865039060149,0.9806619302402797,-0.5639869470442795,Unified Society USDEX,0
NBR,CryptoNight,PoW,133932467.774108,336000000,0.29622691799759,-2.2985782797017342,0.32867815307509446,Niobio Cash,1
SSS,Scrypt,PoW,10000000000.0,10000000000,0.02166883277111248,-1.144259859307314,-0.07413501242210511,ShareChain,1
TRF,Dagger,PoW,107325266.027783,100000000,-0.1688785871706412,-2.1025918649504436,0.42678929526874354,Travelflex,1
KREDS,Lyra2REv2,PoW,643795911.540095,1100000000,-0.1807040277739695,-1.18595574414887,0.2127745150835849,KREDS,1
TOKC,X13,PoS,230298925.0,800000000,-0.2245072840827508,1.6273443550405893,-0.2386869488776062,Tokyo Coin,0
BBP,Proof-of-BibleHash,POBh,1772091549.88818,5200000000,0.0824485917674378,-2.3054909315344,7.5534747492721,BiblePay,3
LCC,SHA-256 + Hive,PoW + Hive,638382332.208514,840000000,-0.45277301057108765,4.432882153661684,10.211553001120608,LitecoinCash,3
FLIP,Scrypt,PoW,12446100.00278,40000000,-0.17095523755513012,-1.1441794014554458,-0.07101653956036413,BitFlip,1
LOT,Scrypt,PoW,14491014421.0,18406979840,0.13611988265192282,-1.1461402450544522,-0.07580913940523186,LottoCoin,1
CIF,X11,PoW,211297638.500483,500000000,-0.2264686015345058,-0.847856352893225,0.12063761536140244,Crypto Improvement Fund,1
SPD,C11,PoW/PoS,11251342.1879021,19340594,-0.3504810939791505,0.8877681662509884,-0.40090901246339644,Stipend,0
POA,Proof-of-Authority,PoA,204479039.0,252460800,-0.4444654431663776,3.8913413821579503,14.75075661456915,Poa Network,3
PUSHI,X11,PoW/PoS,2167827.1,25000000,-0.387399459211571,1.2770995578602422,-0.37218167432389127,Pushi,0
ELP,XEVAN,PoW/PoS,419275.38,60000000,-0.3336141093836346,1.4318712420460118,-0.5944664857207917,Ellerium,0
VLX,Scrypt,PoS,25570013.1348022,124000000,-0.2906609074545608,0.8199267515197033,-0.2829325976269458,Velox,0
ONT,VBFT,PoS,650848625.0,1000000000,-0.33826462498392956,1.6177748417033029,-0.22203161350810427,Ontology,0
CLO,Ethash,PoW,247612453.0,6500000000,-0.11802420368713513,-1.9751301156467145,0.38565258829613197,Callisto Network,1
TUBE,CryptoNight,PoW,80049082.9057215,1000000000,0.30027341819957293,-2.2989147936085934,0.3286453048836016,BitTube,1
PSD,Scrypt,PoW,4070212.1493016,21000000,-0.1711922223308778,-1.1441743355336067,-0.07101318744163625,Poseidon,1
ADK,IMesh,PoW,25000000.0,25000000,-0.1744688809938895,-2.1988903686622274,0.1778939128348269,Aidos Kuneen,1
BSX,NIST5,PoW/PoS,13787854.6277781,50000000,-0.3431585820467055,1.5138643148686144,-0.5361456525046232,Bitspace,0
BRIA,Scrypt,PoW/PoS,845637.81347436,3000000,-0.32636867716332785,0.9806617707766395,-0.563914185050316,Briacoin,0
IC,Scrypt,PoW/PoS,1182153.5,5000000,-0.3263503933051886,0.9806609866900016,-0.5639144053121857,Ignition,0
BTL,Equihash,PoW,71355477.0,70000000,-0.14719879144037434,-1.9369261389058967,0.4227722797073415,Bitrolium,1
MEDIC,Scrypt,PoS,267297676.3125,500000000,-0.28504269743736105,0.8198614555964475,-0.28301741246681505,MedicCoin,0
ALPS,Lyra2Z,PoW,27340501.6514783,300000000,-0.15545547383513694,-2.1982819761305175,0.33086054177352225,Alpenschillling,1
BITG,Green Protocol,PoS,9803691.3618195,21000000,-0.36249374602086665,1.6639994691720694,0.004386022015397389,Bitcoin Green,0
DEV,PoS,PoS,21876586.8530324,88000000,-0.36689240724348526,1.6911544370840996,-0.05083166316777919,Deviant Coin,0
ABJ,Scrypt,PoW/PoS,9880502.37178894,30000000,-0.3260669532631822,0.9806532523735313,-0.5639182511038133,Abjcoin,0
SEM,Semux BFT consensus,DPoS,1231147.0,100000000,3.9223823553191606,1.8300982243064132,-0.2334430339210755,Semux,0
FTO,X11,PoW,31801461.1867843,100000000,-0.2314963911727226,-0.8477511566331437,0.12070895526809049,FuturoCoin,1
CARE,Quark,PoW/PoS,139739596.506702,200000000,-0.3931487120300424,1.693989690494684,-0.48017091772097986,Carebit,0
NZL,PoS,PoS,11075254.0929996,80000000,-0.36708108768205006,1.6911532229724417,-0.05082848241445283,Zealium,0
XMC,CryptoNight,PoW,16016864.0,18400000,0.29253552249667103,-2.2984834331744937,0.32872881270113524,Monero Classic,1
PROTON,X16R,PoS,4403800.0,45000000,-0.3215432221445029,0.7277961215848012,-0.10830079748371516,Proton,0
DEAL,Scrypt,PoW/PoS,1404157529.46026,5121951220,-0.272948155913376,0.9789043031946333,-0.5646097668855583,iDealCash,0
JUMP,NIST5,PoW,21069346.2522598,21000000,-0.18826558310872035,-0.6109478601806465,-0.0432423888718113,Jumpcoin,1
INFX,Lyra2RE,PoW,5097689.71077377,26280000,-0.16066046509227966,-2.187207492451007,0.3480576443301269,Infinex,1
XBI,XEVAN,PoS/PoW,10904963.0923455,21000000,-0.33481640863950335,1.0629596484378672,-0.41395921854736634,Bitcoin Incognito,0
KEC,Tribus,PoW,795447.0,18000000,-0.15771681177776226,-2.2397303347291992,0.4286104870042738,KEYCO,1
HWC,Scrypt,PoS,38706809.466535,26000000,-0.2911947809560107,0.8199788029946894,-0.28292901043142255,HollyWoodCoin,0
GIN,Lyra2Z,PoW,6986399.70430446,10500000,-0.15775554051933327,-2.198155432478557,0.33088552781537517,GINcoin,1
PLTC,CryptoNight,PoW,84300.0,600000518,0.296461922781706,-2.298763802265767,0.3286924367805357,PlatinCoin,1
LOKI,CryptoNight Heavy,PoW,19153632.0,150000000,0.5711470519101454,-2.2300570975138516,0.29718483545368735,Loki,1
NCP,CryptoNight,PoW,41294520017.0,184000000000,2.1006207590919277,-2.365862869750862,0.3059561977095535,Newton Coin,1
SIC,Scrypt,PoW/PoS,10200000000.0,10200000000,-0.12947948109424734,0.9805674101799104,-0.567100525408166,Swisscoin,0
XT3,Scrypt,PoS,7630000.0154,44000000,-0.29144700063392187,0.819956053977972,-0.2829226976783118,Xt3ch,0
MGD,Jump Consistent Hash,PoW,135862416.039898,168000000,-0.16080521362873085,-2.158607669299854,0.3700754908910175,MassGrid,1
VIG,SHA-256D,PoW/PoS,33238183.7225834,100000000,-0.32560587528652335,1.8323039275957755,-0.7036779182290593,TheVig,0
PLURA,CryptoNight,PoW,560085952.404637,1000000000,0.30613955030244433,-2.2986939241530258,0.3285285505662393,PluraCoin,1
EMAR,Scrypt,PoW/PoS,21599339.6728,84000000,-0.32554111443988504,0.9806332934625619,-0.5639248385502093,EmaratCoin,0
DKD,X15,PoS,30284196.369129,90000000,-0.2016275021950141,1.7597122034086112,-0.27554575849762536,Dekado,0
LYNX,Scrypt,HPoW,77872059787.8998,92000000000,2.261374483654605,0.23281300912507397,-0.46132562423768125,Lynx,0
POSQ,Quark,PoS,2716264.95302831,650000000 ,-0.3570863019890194,1.533025797156619,-0.19917275932269127,Poseidon Quark,0
BWS,SHA-256,PoS,57811001.000889,100262205,-0.271398893989019,0.6907825565367628,-0.02794730861034559,BitcoinWSpectrum,0
MUSE,DPoS,PoS,18194936.0,18081806 ,1.0136535932503843,1.670371855697903,-0.20051404135006715,Muse,0
XMN,X16R,PoW,8125865.02097646,22075700,-0.20119892196772662,-1.2363309530162718,0.10360693642549787,Motion,1
PLUS1,HMQ1725,PoW,8645406.16776286,21000000,-0.14841154246446658,-2.193694795294848,0.192542090606131,PlusOneCoin,1
AXE,X11,PoW,4993030.69736615,21000000,-0.23238377212943861,-0.8477264040770196,0.12072094298122796,Axe,1
TRVC,X16R,PoW/PoS,36923120.6205934,82546564,-0.35542803656286703,0.8884830478800797,-0.3893072802765166,Trivechain,0
DTEM,Quark,PoS,7082392.24744494,21000000,-0.3614899088541313,1.5333230965984614,-0.19913028982684772,Dystem,0
GIC,Quark,PoW/PoS,5919489.76813523,5151000,-0.39616467549545736,1.694019592486659,-0.4801248850814132,Giant,0
PNY,Scrypt,PoS,1042012.45227735,16880000000,-0.1722311526119465,0.8120491887142445,-0.2840862702933317,Peony Coin,0
ABS,Lyra2REv2,PoW/PoS,13332617.9413708,52500000,-0.3508402667553565,0.9390750731641717,-0.27990267688384524,Absolute Coin,0
VITAE,Quark,PoS,66053877.6256106,100000000,-0.36020948990221646,1.533313142564855,-0.19915010022144217,Vitae,0
HEX,Scrypt,PoW,1416663.06600024,22105263,-0.17121681749039705,-1.1441760753335004,-0.07101261853913367,HexCoin,1
TPC,Scrypt,PoW/PoS,5403802.49590733,1000000000,-0.3192484433471647,0.9801958160846286,-0.5639842934125473,TPCash,0
WEBC,CryptoNight-V7,PoW,15580199.3087496,1750000000,-0.14664397289892275,-2.1995934482400585,0.3285910032125627,Webchain,1
RYO,Cryptonight-GPU,PoW,4890897.0,88188888,-0.16614511033732193,-2.1280220762102124,0.3658219180793242,Ryo,1
URALS,XEVAN,PoW,14746153.0962884,210000000,-0.17736665828536266,-0.6930217247537528,-0.10157732377873682,Urals Coin,1
QWC,CryptoNight Heavy,PoW,99553110528.8022,184470000000,3.0935216619885906,-2.2707915200762456,0.26021993957896217,Qwertycoin,1
ARE,X11,PoS,19269509.94,55000000,-0.35242964695708984,1.1164037522209433,-0.09119193504439047,ARENON,0
EUNO,X11,PoW/PoS,30771125.9760867,50000000,-0.3868727772986888,1.2771009819975276,-0.3721903613870912,EUNO,0
MMO,Scrypt,PoS,107763867.917675,260000000,-0.28869281719369316,0.8199007230769109,-0.2829620009730718,MMOCoin,0
KETAN,PoS,PoS,9327131.59708692,210000000,-0.36618129738298344,1.691091388802385,-0.0508370541924892,Ketan,0
PPAI,SHA-256,PoW,2100000000.0,2100000000,-0.11181202343194342,-1.2733561599621461,0.18332464734974602,Project Pai,1
XDNA,Keccak,PoW/PoS,4672513.84432375,366000000,-0.33754955702160766,0.9441354631968704,-0.36468046289134726,XDNA,0
PAXEX,X11,PoS,4504639.0,100000000,-0.3522912156547872,1.1163758330509375,-0.091191458270914,PAXEX,0
AZART,X11,PoW,5015881.37315389,25000000,-0.2323551497317453,-0.8477282714045185,0.12072066059409908,Azart,1
TSC,Scrypt,PoW/PoS,1059954080.43439,18000000000,-0.1859032359341783,0.9727001989727195,-0.5654173055291591,ThunderStake,0
KCASH,SHA-512,Zero-Knowledge Proof,1000000000.0,1000000000,-0.07668406625012936,0.3200118968021936,-0.004405988564032264,Kcash,0
XCG,X16R,PoW,9753753.61515394,100000000,-0.20062687369502313,-1.2363667863768728,0.10360114755699094,Xchange,1
AAC,ECC 256K1,DPOS,1000000000.0,1000000000,-0.2461522397203355,1.1795969002815552,11.383466577374413,Acute Angle Cloud,3
CRYP,Equihash,PoW,4235111504.0,7600000000,-0.04296098939820004,-1.9385453920597633,0.42123844179093345,CrypticCoin,1
BTXC,XEVAN,PoS,6787405.18013774,50000000,-0.2990588945564455,1.2711892762116097,-0.3134713675381183,Bettex coin,0
ACM,Lyra2Z,PoW,13634850.0,84000000,-0.15715348978874746,-2.198186878798414,0.3308788240425439,Actinium,1
BSV,SHA-256,PoW,17992514.6469233,21000000,-0.15198586529101224,-1.27333810306811,0.18397491420619438,Bitcoin SV,1
BITM,XEVAN,Pos,208515864.367343,70000000000,0.4461318891423038,1.0217484591996382,-0.6888596222387118,BitMoney,0
JMC,X11,PoS,17209923728.3266,0,-0.14274665017033142,1.1243391534051195,-0.09536923060502193,Junson Ming Chan Coin,0
FRED,CryptoNight,PoW,1867054873.28397,8080000000,0.3722783232064746,-2.3014163546393496,0.3277206822291924,FREDEnergy,1
HERB,Quark,PoW/PoS,35312185.7437239,54000000,-0.39545935801881943,1.6940101836735935,-0.48013541466745085,HerbCoin,0
UMO,Blake,PoW,1578281.31341127,105120001.44,-0.15734497572265096,-2.1456865164688113,0.4439931410778438,Universal Molecule,1
LIT,Blake,PoW,15846721.2482747,25228800,-0.15773670520980843,-2.145642445676511,0.4439951997736424,Lithium,1
PIRATE,Equihash,PoS,13475920.0,105000000,-0.2681193395004824,0.027170348264269128,0.21087688222792383,PirateCash,0
EXO,Exosis,PoW,406091.925,21000000,-0.16561257152775644,-2.26086786773908,0.39540256872882884,Exosis,1
BLTG,Scrypt,PoW,35284717.173946,120000000,-0.17010928260199068,-1.144206450020152,-0.07102763094492377,Block-Logic,1
OWC,Scrypt,PoW/PoS,14777549.3940764,21000000,-0.32607088262331246,0.9806597306936349,-0.563918819294891,Oduwa,0
BEAM,Equihash,PoW,35687520.0,262800000,-0.14626851969259935,-1.9370330620177603,0.4227676116722148,Beam,1
GALI,Quark,PoW/PoS,18265011.2486006,19035999,-0.3959154249434381,1.694018754320441,-0.4801288486967005,Galilel,0
BTH,Equihash,PoW,25150787.5,30886000,-0.14804057417208658,-1.9369290356446538,0.42278622456413656,Bithereum,1
CSPN,Quark,PoS,1934701.67524713,13370000,-0.3616068790824486,1.5333243100801566,-0.19912850975614874,Crypto Sports,0
CREDIT,Scrypt,PoW/PoS,30825710000.0296,74800000000,0.5803122100153127,0.9597303552163767,-0.5765878946507562,Credit,0
SLC,QuBit,PoW,12925790.4226959,100000000,-0.19478013288033336,-1.5257066069466068,0.16443975870136426,SLICE,1
DASHP,X11,PoS,715659.44237941,19700000,-0.3529065065366738,1.1164117873702637,-0.09118497936708725,Dash Platinum,0
NSD,Scrypt,PoW/PoS,20546528.2059957,84000000,-0.32555397997488056,0.9806328090541541,-0.5639245824859526,Nasdacoin,0
BEET,XEVAN,PoW/PoS,198938144.363399,500000000,-0.32807042763575606,1.4317560198912818,-0.5945452206106334,Beetle Coin,0
TTN,SHA-256D,PoW/PoS,896361168.0,5000000000,-0.28033799654792135,1.8304007029540958,-0.7042269625659394,Titan Coin,0
AWR,X11,PoW/PoS,15420234.5389336,420000000,-0.3844386256339997,1.276920218587663,-0.3722122344707128,Award,0
BLAST,SHA-256,PoW,52293836.6277958,64000000,-0.1512620083542152,-1.2733425075029647,0.18396359554048564,BLAST,1
XRC,X13,PoW,1170292.5,2100000,-0.11249977377563183,-0.3365260359995908,-0.026668947128639126,Bitcoin Rhodium,1
GLT,SHA-256,PoW,84613099.9999955,168000000,-0.15013013934243288,-1.2733764609814922,0.18394853730169908,GlobalToken,1
INSN,X11,PoW/PoS,23775960.3207514,30000000,-0.3870999752042306,1.2771071526628976,-0.3721872758795469,Insane Coin,0
ALX,DPoS,DPoS,1000000000.0,1000000000,3.73740886423924,1.7961294792724547,-0.2951429112753162,ALAX,0
LDOGE,Scrypt,PoW/PoS,15318887081.0146,35000000000,0.10880177175569909,0.971280041910551,-0.5700618807337843,LiteDoge,0
SLR,Scrypt,PoW,55565076.3863525,98100000000,0.5244042155872338,-1.1901948416976977,-0.07781349966074985,SolarCoin,1
TRK,X11,PoW/PoS,242574105.22384,0,-0.38463879838916215,1.2772219075465712,-0.3722384156298896,TruckCoin,0
UFO,NeoScrypt,PoW,3824685012.0,4000000000,-0.1130019722917037,-1.6535290736344213,0.14619529144393975,UFO Coin,1
OC,Scrypt,PoW/PoS,3537150.0,200000000,-0.32493988586839256,0.9805705254821211,-0.5639284735264265,OrangeCoin,0
BLC,Blake,PoW,23356790.1494191,7000000000,-0.1082231693938823,-2.1489133685933406,0.4435106677480966,BlakeCoin,1
BITS,Scrypt,PoW/PoS,20576532.0,54256119,-0.32576437220721094,0.9806467864312876,-0.5639225312882818,BitstarCoin,0
NEOS,SHA-256,PoS,4392258.24647793,21000000,-0.27261331541214034,0.6907951885340539,-0.027928830604406974,NeosCoin,0
HYPER,Scrypt,PoW/PoS,9631199.99309942,0,-0.326282573469753,0.9806672214769905,-0.5639161142481233,HyperCoin,0
PINK,X11,PoW/PoS,436353624.490312,500000000,-0.3787278849217393,1.2770763371530558,-0.37232015025855186,PinkCoin,0
CESC,Scrypt,PoW,780210700.0,1000000000,-0.15477066564832587,-1.1442768276928126,-0.07126971392231615,Crypto Escudo,1
ADC,Scrypt,PoW/PoS,980732528.97974,10500000000,-0.24001475903933084,0.9761847008497028,-0.5648789821808712,AudioCoin,0
NKA,SHA-256,PoW/PoS,17939725045.334,190000000,-0.08679125621251965,0.8596576546564539,-0.31329872390738867,IncaKoin,0
PIGGY,X11,PoW/PoS,494240666.028571,1000000000,-0.3744776006200979,1.276868241358934,-0.3723688331895636,Piggy Coin,0
CRW,SHA-256,PoW,22986929.0854247,42000000,-0.1517760311156268,-1.273345663758163,0.18397224611296958,Crown Coin,1
GEN,Scrypt,PoW/PoS,60000000.0,15000000,-0.32556077133150607,0.9806833547282875,-0.5639294030316728,Genstake,0
SMLY,Scrypt,PoW,29583989322.9213,50000000000,0.5444200951189937,-1.1540274956527057,-0.08166651409812264,SmileyCoin,1
MI,Scrypt,PoW/PoS,404316475.545465,400000000,-0.31862513649073193,0.9806610357346245,-0.5640397923351994,XiaoMiCoin,0
GRS,Groestl,PoW,73298203.8873662,105000000,-0.20527765714542853,-1.156855618015553,0.09011309309726966,Groestlcoin,1
CPC,X11,PoW/PoS,201364327.427503,208000000,-0.38366854463056466,1.2771052987941292,-0.37224278773796565,CapriCoin,0
CLUB,Scrypt,PoW/PoS,103621876.167052,160000000,-0.324000265095905,0.9806353538142545,-0.5639500477873999, ClubCoin,0
RADS,PoS,PoS,3821245.74150193,9000000,-0.36767282396086565,1.6911832170185521,-0.050821804376481546,Radium,0
BTA,Scrypt,PoW,5052555.91981545,5000000,-0.171293590557315,-1.1441663721828106,-0.07101231904917896,Bata,1
PAK,Scrypt,PoW,69684455.4387001,182000000,-0.16924959299835746,-1.1442197289189704,-0.07104028848703703,Pakcoin,1
CRB,X11,Proof of Trust,16901016.6609755,16504333,-0.3799610009170577,1.0212314453702298,0.3757811903704719,Creditbit ,0
OK,SHA-256,PoW/PoS,74676064.9488608,105000000,-0.3057074821189823,0.8514776825774923,-0.3089477133750391,OKCash,0
LSK,DPoS,DPoS,120012140.0,159918400,3.7207026215847794,1.796118973606468,-0.2948707412651825,Lisk,0
XHI,Scrypt,PoS,10000244677.7002,10008835635,-0.09872682245214046,0.8198756544984843,-0.2860427360812486,HiCoin,0
XWC,Scrypt,PoW/PoS,252005564.19257,300000000,-0.3211949806686989,0.9806379020917946,-0.5639958266196905,WhiteCoin,0
FSC,NeoScrypt,PoW/PoS,1120385.00502,60168145,-0.34265290715914587,0.4713904029349754,-0.34550510545783175,FriendshipCoin,0
J,Multiple,PoW,3332922.5,2800000,-0.1386932284290486,-1.7812480975869873,0.3369535409029879,JoinCoin,1
TRI,X13,PoW/PoS,140777.753365,120000,-0.2675358902569599,1.788303559523671,-0.5195715873203127,Triangles Coin,0
VOLLAR,Equihash+Scrypt,PoW,100000000.0,2100000000,-0.1195634007486353,-2.18483013813985,0.28223438647554877,Vollar,1
EOS,DPoS,DPoS,1020544523.0722,0,3.7305741321634356,1.7966083923269789,-0.29507870075367554,EOS,0
RCC,Ethash,PoW,24487944.0958204,24487944,-0.16663493932314286,-1.972192781312434,0.3861550095512278,Reality Clash,1
OXY,DPoS,DPoS,1122382283.37,0,3.731818606896367,1.7966552488334318,-0.29510346968069107,Oxycoin,0
TCH,SHA-256,PoS,1000000000.0,1000000000,-0.2535098315997157,0.6907936753120181,-0.0282387357962667,TigerCash,0
WAVES,Leased POS,LPoS,100000000.0,100000000,-0.45734438964461904,4.052449110239659,20.976242130382747,Waves,3
PART,PoS,PoS,9283137.5558676,8634140,-0.36760867112192347,1.6911859018428403,-0.05082310749476261,Particl,0
BTT,TRC10,DPoS,989988713439.649,990000000000,34.059400879444304,1.894772112193331,-0.8082002453039351,BitTorrent,2
NXT,PoS,PoS/LPoS,1000000000.0,1000000000,-0.39896803741952475,1.9659001721909848,0.11774656648526012,Nxt,0
ZEPH,SHA-256,DPoS,1999999995.3056,2000000000,2.4705959084145834,0.8165511818541601,-0.12287328247710406,ZEPHYR,0
GAP,Scrypt,PoW/PoS,14931046.1546605,250000000,-0.32444636103966384,0.9805522949039984,-0.5639347051114068,Gapcoin,0
BDX,CryptoNight,PoW,980222595.0,1400222610,0.3141095846785138,-2.29868850398982,0.32839866680468033,Beldex,1
ZEN,Equihash,PoW,7296537.5,21000000,-0.1483288062568623,-1.9369326094673547,0.4227912512493816,Horizen,1
XBC,Scrypt,PoS,128326.99633965,1000000,-0.2918433613071827,0.81997278918209,-0.2829178972092643,BitcoinPlus,0
